Date,BreadType,Store,QuantitySold,UnitPrice,TotalSale,Discount,FinalSale,CustomerRating
2024-01-01,Rye,Downtown,43,3.83,164.69,0.15,139.99,5
2024-01-02,Rye,East End,33,3.33,109.89,0.05,104.4,4
2024-01-03,Sourdough,Westside,19,2.76,52.44,0.2,41.95,2
2024-01-04,Whole Wheat,Westside,47,4.57,214.79,0.15,182.57,1
2024-01-05,Baguette,Westside,12,2.87,34.44,0.2,27.55,3
2024-01-06,Whole Wheat,Downtown,25,4.36,109.0,0.1,98.1,1
2024-01-07,Rye,Uptown,43,3.04,130.72,0.1,117.65,3
2024-01-08,Sourdough,Westside,23,2.82,64.86,0.15,55.13,3
2024-01-09,Multigrain,Westside,27,3.12,84.24,0.2,67.39,2
2024-01-10,Rye,East End,15,2.55,38.25,0.2,30.6,2
2024-01-11,Multigrain,East End,15,4.12,61.8,0.2,49.44,1
2024-01-12,Baguette,Northside,28,3.26,91.28,0.05,86.72,3
2024-01-13,Sourdough,Downtown,40,2.31,92.4,0.1,83.16,1
2024-01-14,Rye,Northside,44,4.65,204.6,0.2,163.68,4
2024-01-15,Baguette,Westside,28,2.84,79.52,0.2,63.62,1
2024-01-16,Sourdough,Northside,7,3.4,23.8,0.05,22.61,5
2024-01-17,Multigrain,Downtown,26,4.67,121.42,0.05,115.35,1
2024-01-18,Multigrain,Northside,6,3.68,22.08,0.2,17.66,5
2024-01-19,Whole Wheat,Downtown,28,1.91,53.48,0.0,53.48,5
2024-01-20,Baguette,Northside,48,4.79,229.92,0.2,183.94,5
2024-01-21,Rye,Uptown,34,3.7,125.8,0.2,100.64,4
2024-01-22,Sourdough,East End,42,2.67,112.14,0.05,106.53,1
2024-01-23,Baguette,Uptown,6,1.99,11.94,0.05,11.34,1
2024-01-24,Sourdough,East End,25,4.28,107.0,0.2,85.6,4
2024-01-25,Multigrain,East End,37,3.67,135.79,0.2,108.63,3
2024-01-26,Rye,Westside,16,3.37,53.92,0.2,43.14,2
2024-01-27,Sourdough,Northside,26,4.63,120.38,0.05,114.36,1
2024-01-28,Whole Wheat,Uptown,48,4.26,204.48,0.2,163.58,2
2024-01-29,Sourdough,Northside,29,2.03,58.87,0.2,47.1,4
2024-01-30,Whole Wheat,Westside,31,2.59,80.29,0.15,68.25,3
2024-01-31,Sourdough,Downtown,46,2.37,109.02,0.0,109.02,3
2024-02-01,Baguette,East End,32,4.1,131.2,0.1,118.08,3
2024-02-02,Sourdough,Westside,20,1.62,32.4,0.0,32.4,4
2024-02-03,Rye,Uptown,19,3.49,66.31,0.15,56.36,5
2024-02-04,Whole Wheat,East End,48,4.17,200.16,0.1,180.14,5
2024-02-05,Rye,Westside,7,4.57,31.99,0.2,25.59,2
2024-02-06,Whole Wheat,Westside,41,2.7,110.7,0.15,94.1,5
2024-02-07,Whole Wheat,East End,11,4.37,48.07,0.2,38.46,5
2024-02-08,Multigrain,Northside,25,1.89,47.25,0.05,44.89,3
2024-02-09,Baguette,East End,13,4.46,57.98,0.15,49.28,3
2024-02-10,Multigrain,Westside,43,1.95,83.85,0.05,79.66,2
2024-02-11,Baguette,Northside,22,2.89,63.58,0.15,54.04,1
2024-02-12,Sourdough,Westside,8,4.29,34.32,0.15,29.17,2
2024-02-13,Whole Wheat,Westside,29,2.02,58.58,0.05,55.65,2
2024-02-14,Multigrain,Westside,18,2.3,41.4,0.1,37.26,4
2024-02-15,Rye,Uptown,13,4.03,52.39,0.0,52.39,4
2024-02-16,Rye,Northside,30,4.02,120.6,0.2,96.48,2
2024-02-17,Baguette,Downtown,6,3.74,22.44,0.15,19.07,2
2024-02-18,Multigrain,Westside,24,3.93,94.32,0.2,75.46,2
2024-02-19,Rye,East End,32,3.4,108.8,0.05,103.36,5
2024-02-20,Baguette,Uptown,11,2.38,26.18,0.2,20.94,4
2024-02-21,Sourdough,Downtown,48,2.71,130.08,0.05,123.58,2
2024-02-22,Multigrain,Northside,12,2.14,25.68,0.2,20.54,3
2024-02-23,Rye,East End,39,4.68,182.52,0.0,182.52,3
2024-02-24,Multigrain,Uptown,18,3.54,63.72,0.0,63.72,5
2024-02-25,Baguette,Westside,21,2.9,60.9,0.0,60.9,5
2024-02-26,Whole Wheat,Uptown,40,3.12,124.8,0.0,124.8,1
2024-02-27,Rye,Downtown,44,4.82,212.08,0.0,212.08,1
2024-02-28,Whole Wheat,Westside,8,2.04,16.32,0.0,16.32,1
2024-02-29,Whole Wheat,Westside,6,3.55,21.3,0.05,20.24,5
2024-03-01,Rye,Westside,10,3.27,32.7,0.15,27.8,5
2024-03-02,Sourdough,East End,46,3.64,167.44,0.2,133.95,5
2024-03-03,Rye,East End,8,1.56,12.48,0.0,12.48,3
2024-03-04,Sourdough,Westside,33,4.55,150.15,0.05,142.64,5
2024-03-05,Sourdough,Uptown,22,4.76,104.72,0.05,99.48,3
2024-03-06,Whole Wheat,Downtown,30,3.48,104.4,0.05,99.18,1
2024-03-07,Multigrain,East End,48,3.94,189.12,0.15,160.75,1
2024-03-08,Sourdough,Northside,38,4.73,179.74,0.2,143.79,1
2024-03-09,Sourdough,Westside,14,3.98,55.72,0.15,47.36,2
2024-03-10,Whole Wheat,Westside,40,2.03,81.2,0.1,73.08,2
2024-03-11,Rye,Westside,18,3.52,63.36,0.05,60.19,4
2024-03-12,Multigrain,Uptown,35,3.62,126.7,0.1,114.03,4
2024-03-13,Rye,East End,19,2.98,56.62,0.0,56.62,4
2024-03-14,Baguette,Downtown,12,4.08,48.96,0.0,48.96,2
2024-03-15,Sourdough,Northside,18,4.77,85.86,0.15,72.98,2
2024-03-16,Rye,Downtown,27,4.74,127.98,0.2,102.38,4
2024-03-17,Baguette,Downtown,44,3.08,135.52,0.1,121.97,4
2024-03-18,Multigrain,Downtown,25,1.9,47.5,0.2,38.0,5
2024-03-19,Multigrain,Downtown,20,4.95,99.0,0.15,84.15,4
2024-03-20,Sourdough,Uptown,49,4.44,217.56,0.0,217.56,5
2024-03-21,Rye,Westside,22,1.94,42.68,0.2,34.14,3
2024-03-22,Whole Wheat,East End,28,4.72,132.16,0.2,105.73,2
2024-03-23,Multigrain,Westside,30,4.54,136.2,0.0,136.2,4
2024-03-24,Sourdough,East End,29,3.32,96.28,0.1,86.65,2
2024-03-25,Whole Wheat,Downtown,49,3.57,174.93,0.0,174.93,2
2024-03-26,Multigrain,Downtown,45,2.9,130.5,0.2,104.4,2
2024-03-27,Sourdough,Westside,33,1.69,55.77,0.1,50.19,3
2024-03-28,Baguette,Downtown,19,2.67,50.73,0.1,45.66,1
2024-03-29,Rye,Downtown,49,4.31,211.19,0.0,211.19,4
2024-03-30,Baguette,Uptown,5,1.52,7.6,0.2,6.08,1
2024-03-31,Multigrain,Northside,29,2.67,77.43,0.15,65.82,1
2024-04-01,Rye,Northside,11,2.89,31.79,0.2,25.43,1
2024-04-02,Baguette,Westside,13,3.38,43.94,0.05,41.74,2
2024-04-03,Multigrain,Uptown,28,4.72,132.16,0.15,112.34,5
2024-04-04,Multigrain,Northside,5,2.71,13.55,0.1,12.2,2
2024-04-05,Sourdough,Northside,48,2.71,130.08,0.15,110.57,2
2024-04-06,Whole Wheat,Westside,12,4.08,48.96,0.1,44.06,1
2024-04-07,Baguette,Westside,28,3.08,86.24,0.1,77.62,2
2024-04-08,Rye,Northside,15,2.29,34.35,0.15,29.2,1
2024-04-09,Multigrain,Westside,21,3.08,64.68,0.1,58.21,5
2024-04-10,Whole Wheat,Downtown,12,1.99,23.88,0.1,21.49,4
2024-04-11,Sourdough,Northside,39,2.12,82.68,0.05,78.55,1
2024-04-12,Multigrain,Westside,39,3.24,126.36,0.2,101.09,5
2024-04-13,Baguette,Northside,37,2.97,109.89,0.2,87.91,4
2024-04-14,Multigrain,East End,9,4.7,42.3,0.05,40.18,3
2024-04-15,Rye,Uptown,46,2.77,127.42,0.15,108.31,1
2024-04-16,Multigrain,Northside,43,3.53,151.79,0.0,151.79,1
2024-04-17,Sourdough,Westside,45,3.71,166.95,0.0,166.95,3
2024-04-18,Whole Wheat,Uptown,32,1.55,49.6,0.0,49.6,3
2024-04-19,Baguette,Uptown,11,3.82,42.02,0.05,39.92,1
2024-04-20,Multigrain,East End,13,2.12,27.56,0.05,26.18,3
2024-04-21,Rye,East End,12,4.86,58.32,0.1,52.49,2
2024-04-22,Whole Wheat,Northside,16,2.02,32.32,0.0,32.32,4
2024-04-23,Baguette,East End,38,2.95,112.1,0.15,95.28,4
2024-04-24,Rye,Uptown,37,1.8,66.6,0.15,56.61,4
2024-04-25,Baguette,Westside,27,4.99,134.73,0.0,134.73,2
2024-04-26,Rye,Uptown,28,3.26,91.28,0.0,91.28,3
2024-04-27,Whole Wheat,Northside,41,3.58,146.78,0.0,146.78,5
2024-04-28,Baguette,Northside,39,1.73,67.47,0.05,64.1,3
2024-04-29,Baguette,Downtown,48,4.12,197.76,0.05,187.87,1
2024-04-30,Sourdough,Westside,44,2.23,98.12,0.05,93.21,4
2024-05-01,Multigrain,Downtown,26,4.64,120.64,0.2,96.51,3
2024-05-02,Whole Wheat,East End,31,2.22,68.82,0.15,58.5,5
2024-05-03,Multigrain,Northside,39,2.17,84.63,0.15,71.94,1
2024-05-04,Whole Wheat,Northside,5,1.63,8.15,0.1,7.34,2
2024-05-05,Multigrain,Northside,39,3.15,122.85,0.05,116.71,2
2024-05-06,Baguette,Downtown,41,3.48,142.68,0.2,114.14,5
2024-05-07,Rye,Northside,18,1.73,31.14,0.2,24.91,1
2024-05-08,Baguette,East End,7,4.21,29.47,0.15,25.05,4
2024-05-09,Sourdough,Northside,5,3.09,15.45,0.05,14.68,3
2024-05-10,Multigrain,Downtown,9,3.34,30.06,0.1,27.05,1
2024-05-11,Sourdough,Westside,30,3.04,91.2,0.05,86.64,2
2024-05-12,Multigrain,Northside,18,2.9,52.2,0.0,52.2,5
2024-05-13,Sourdough,Downtown,43,3.46,148.78,0.05,141.34,5
2024-05-14,Multigrain,Westside,31,2.04,63.24,0.0,63.24,3
2024-05-15,Multigrain,East End,13,2.14,27.82,0.0,27.82,5
2024-05-16,Rye,Westside,19,4.52,85.88,0.1,77.29,5
2024-05-17,Sourdough,Downtown,19,4.81,91.39,0.15,77.68,1
2024-05-18,Sourdough,East End,30,2.81,84.3,0.05,80.08,4
2024-05-19,Rye,East End,46,2.45,112.7,0.0,112.7,3
2024-05-20,Sourdough,Uptown,17,3.75,63.75,0.05,60.56,1
2024-05-21,Baguette,Northside,36,2.93,105.48,0.15,89.66,4
2024-05-22,Whole Wheat,East End,43,1.59,68.37,0.15,58.11,1
2024-05-23,Baguette,Uptown,36,2.05,73.8,0.2,59.04,1
2024-05-24,Rye,Westside,8,4.01,32.08,0.15,27.27,5
2024-05-25,Sourdough,Uptown,34,3.81,129.54,0.1,116.59,4
2024-05-26,Multigrain,Downtown,41,1.59,65.19,0.0,65.19,3
2024-05-27,Baguette,Downtown,27,2.28,61.56,0.2,49.25,3
2024-05-28,Baguette,Downtown,43,2.31,99.33,0.1,89.4,4
2024-05-29,Sourdough,Westside,49,3.85,188.65,0.05,179.22,5
2024-05-30,Whole Wheat,Downtown,19,1.57,29.83,0.0,29.83,2
2024-05-31,Baguette,Uptown,47,1.86,87.42,0.15,74.31,1
2024-06-01,Multigrain,Westside,33,4.3,141.9,0.0,141.9,5
2024-06-02,Sourdough,East End,40,2.12,84.8,0.05,80.56,4
2024-06-03,Whole Wheat,Uptown,17,3.78,64.26,0.2,51.41,1
2024-06-04,Sourdough,Downtown,36,2.33,83.88,0.2,67.1,3
2024-06-05,Baguette,Northside,11,1.85,20.35,0.2,16.28,2
2024-06-06,Multigrain,Westside,26,2.35,61.1,0.15,51.94,3
2024-06-07,Whole Wheat,Northside,32,4.03,128.96,0.1,116.06,4
2024-06-08,Baguette,Westside,6,4.49,26.94,0.1,24.25,1
2024-06-09,Rye,Northside,46,4.41,202.86,0.0,202.86,4
2024-06-10,Multigrain,Downtown,49,2.89,141.61,0.15,120.37,1
2024-06-11,Whole Wheat,Downtown,10,3.84,38.4,0.2,30.72,5
2024-06-12,Multigrain,Westside,32,2.22,71.04,0.2,56.83,2
2024-06-13,Baguette,Uptown,32,2.53,80.96,0.05,76.91,5
2024-06-14,Multigrain,Westside,48,4.64,222.72,0.05,211.58,5
2024-06-15,Whole Wheat,East End,48,1.55,74.4,0.2,59.52,4
2024-06-16,Baguette,Northside,24,1.8,43.2,0.2,34.56,2
2024-06-17,Baguette,Northside,34,2.23,75.82,0.15,64.45,1
2024-06-18,Baguette,East End,15,1.59,23.85,0.1,21.47,1
2024-06-19,Baguette,Downtown,32,2.14,68.48,0.05,65.06,3
2024-06-20,Rye,Uptown,29,3.54,102.66,0.1,92.39,1
2024-06-21,Sourdough,Westside,43,2.97,127.71,0.15,108.55,4
2024-06-22,Whole Wheat,Downtown,37,4.62,170.94,0.2,136.75,5
2024-06-23,Baguette,Northside,5,4.36,21.8,0.1,19.62,5
2024-06-24,Multigrain,East End,31,2.7,83.7,0.2,66.96,5
2024-06-25,Whole Wheat,Northside,17,2.41,40.97,0.2,32.78,2
2024-06-26,Baguette,East End,45,2.83,127.35,0.0,127.35,1
2024-06-27,Rye,Downtown,7,3.57,24.99,0.1,22.49,4
2024-06-28,Rye,Uptown,43,2.44,104.92,0.1,94.43,2
2024-06-29,Baguette,Uptown,10,3.68,36.8,0.2,29.44,3
2024-06-30,Rye,Northside,12,2.93,35.16,0.15,29.89,4
2024-07-01,Sourdough,Westside,31,3.43,106.33,0.0,106.33,4
2024-07-02,Baguette,East End,13,3.03,39.39,0.2,31.51,4
2024-07-03,Multigrain,Uptown,41,2.53,103.73,0.05,98.54,5
2024-07-04,Baguette,Westside,37,4.82,178.34,0.05,169.42,4
2024-07-05,Baguette,East End,46,4.17,191.82,0.0,191.82,1
2024-07-06,Multigrain,Uptown,48,1.99,95.52,0.15,81.19,4
2024-07-07,Sourdough,Uptown,28,4.54,127.12,0.2,101.7,5
2024-07-08,Whole Wheat,Northside,19,3.21,60.99,0.1,54.89,4
2024-07-09,Multigrain,Westside,36,4.63,166.68,0.0,166.68,3
2024-07-10,Baguette,Westside,36,4.3,154.8,0.15,131.58,3
2024-07-11,Whole Wheat,East End,28,2.99,83.72,0.1,75.35,5
2024-07-12,Sourdough,East End,45,1.58,71.1,0.05,67.54,1
2024-07-13,Baguette,Westside,16,2.44,39.04,0.05,37.09,1
2024-07-14,Sourdough,East End,43,3.4,146.2,0.1,131.58,2
2024-07-15,Rye,Northside,6,3.72,22.32,0.0,22.32,5
2024-07-16,Baguette,Northside,7,2.4,16.8,0.05,15.96,4
2024-07-17,Sourdough,Northside,41,1.99,81.59,0.2,65.27,5
2024-07-18,Multigrain,Westside,21,4.42,92.82,0.1,83.54,2
2024-07-19,Sourdough,Northside,6,4.95,29.7,0.1,26.73,5
2024-07-20,Whole Wheat,Uptown,6,3.34,20.04,0.05,19.04,5
2024-07-21,Whole Wheat,Northside,32,2.1,67.2,0.0,67.2,2
2024-07-22,Multigrain,East End,27,2.45,66.15,0.2,52.92,1
2024-07-23,Multigrain,Northside,41,1.56,63.96,0.0,63.96,4
2024-07-24,Whole Wheat,Downtown,36,4.7,169.2,0.15,143.82,2
2024-07-25,Baguette,Downtown,37,1.91,70.67,0.15,60.07,3
2024-07-26,Sourdough,Uptown,5,3.52,17.6,0.05,16.72,1
2024-07-27,Rye,Northside,23,2.46,56.58,0.05,53.75,3
2024-07-28,Rye,Northside,6,3.44,20.64,0.05,19.61,1
2024-07-29,Sourdough,Northside,48,3.78,181.44,0.15,154.22,4
2024-07-30,Sourdough,Westside,30,4.4,132.0,0.0,132.0,4
2024-07-31,Whole Wheat,Northside,36,2.22,79.92,0.0,79.92,5
2024-08-01,Whole Wheat,East End,10,1.54,15.4,0.05,14.63,3
2024-08-02,Whole Wheat,Northside,36,1.98,71.28,0.2,57.02,1
2024-08-03,Multigrain,East End,8,4.65,37.2,0.0,37.2,4
2024-08-04,Sourdough,Uptown,15,4.56,68.4,0.15,58.14,2
2024-08-05,Rye,Uptown,21,3.59,75.39,0.1,67.85,4
2024-08-06,Rye,Uptown,42,3.6,151.2,0.1,136.08,2
2024-08-07,Baguette,Downtown,28,3.83,107.24,0.1,96.52,1
2024-08-08,Baguette,Westside,9,2.11,18.99,0.2,15.19,4
2024-08-09,Rye,Uptown,38,4.7,178.6,0.05,169.67,4
2024-08-10,Sourdough,Westside,10,2.97,29.7,0.15,25.24,1
2024-08-11,Baguette,Northside,26,2.84,73.84,0.2,59.07,4
2024-08-12,Sourdough,Downtown,15,3.32,49.8,0.15,42.33,2
2024-08-13,Sourdough,East End,20,1.66,33.2,0.15,28.22,4
2024-08-14,Multigrain,Uptown,37,2.08,76.96,0.05,73.11,3
2024-08-15,Multigrain,Northside,13,4.08,53.04,0.1,47.74,5
2024-08-16,Rye,East End,10,1.79,17.9,0.05,17.0,2
2024-08-17,Baguette,Northside,20,3.61,72.2,0.2,57.76,3
2024-08-18,Sourdough,East End,33,2.36,77.88,0.2,62.3,1
2024-08-19,Multigrain,Westside,7,2.86,20.02,0.2,16.02,2
2024-08-20,Multigrain,Downtown,24,2.51,60.24,0.05,57.23,5
2024-08-21,Sourdough,Westside,40,2.74,109.6,0.15,93.16,5
2024-08-22,Multigrain,East End,23,4.02,92.46,0.15,78.59,1
2024-08-23,Sourdough,Westside,30,2.54,76.2,0.0,76.2,1
2024-08-24,Baguette,East End,7,3.48,24.36,0.2,19.49,2
2024-08-25,Sourdough,Downtown,23,3.17,72.91,0.15,61.97,4
2024-08-26,Multigrain,Northside,24,3.82,91.68,0.0,91.68,1
2024-08-27,Multigrain,Westside,36,4.78,172.08,0.15,146.27,4
2024-08-28,Rye,Downtown,11,4.06,44.66,0.2,35.73,3
2024-08-29,Multigrain,Westside,45,2.25,101.25,0.1,91.12,5
2024-08-30,Multigrain,Downtown,37,1.61,59.57,0.2,47.66,4
2024-08-31,Rye,Northside,44,2.42,106.48,0.05,101.16,5
2024-09-01,Whole Wheat,Northside,43,3.58,153.94,0.15,130.85,4
2024-09-02,Baguette,Uptown,22,1.68,36.96,0.15,31.42,3
2024-09-03,Whole Wheat,Westside,44,3.24,142.56,0.05,135.43,1
2024-09-04,Whole Wheat,Northside,5,3.59,17.95,0.05,17.05,3
2024-09-05,Baguette,Downtown,15,2.67,40.05,0.1,36.04,1
2024-09-06,Whole Wheat,Westside,32,4.2,134.4,0.15,114.24,1
2024-09-07,Baguette,Northside,29,1.87,54.23,0.15,46.1,5
2024-09-08,Multigrain,Uptown,27,1.76,47.52,0.1,42.77,3
2024-09-09,Sourdough,East End,35,4.05,141.75,0.0,141.75,4
2024-09-10,Rye,Downtown,34,3.23,109.82,0.1,98.84,3
2024-09-11,Whole Wheat,East End,46,3.91,179.86,0.2,143.89,5
2024-09-12,Baguette,Downtown,39,3.02,117.78,0.15,100.11,1
2024-09-13,Baguette,Uptown,11,2.36,25.96,0.05,24.66,5
2024-09-14,Multigrain,Westside,20,4.37,87.4,0.2,69.92,2
2024-09-15,Sourdough,Downtown,30,4.3,129.0,0.15,109.65,2
2024-09-16,Sourdough,East End,6,3.93,23.58,0.1,21.22,4
2024-09-17,Whole Wheat,Westside,5,2.45,12.25,0.2,9.8,5
2024-09-18,Sourdough,Northside,16,3.57,57.12,0.15,48.55,4
2024-09-19,Rye,Westside,9,2.76,24.84,0.0,24.84,4
2024-09-20,Whole Wheat,Downtown,41,1.82,74.62,0.0,74.62,2
2024-09-21,Multigrain,Westside,36,4.71,169.56,0.05,161.08,4
2024-09-22,Rye,Uptown,13,1.98,25.74,0.15,21.88,2
2024-09-23,Multigrain,Northside,45,4.83,217.35,0.0,217.35,1
2024-09-24,Baguette,Westside,39,3.06,119.34,0.1,107.41,5
2024-09-25,Whole Wheat,Westside,23,2.15,49.45,0.15,42.03,4
2024-09-26,Sourdough,Westside,20,3.4,68.0,0.1,61.2,2
2024-09-27,Whole Wheat,Westside,7,4.56,31.92,0.1,28.73,3
2024-09-28,Whole Wheat,Westside,24,4.06,97.44,0.0,97.44,4
2024-09-29,Baguette,Westside,28,4.32,120.96,0.15,102.82,1
2024-09-30,Baguette,East End,37,3.81,140.97,0.2,112.78,1
2024-10-01,Whole Wheat,Uptown,28,3.92,109.76,0.0,109.76,3
2024-10-02,Baguette,East End,15,4.47,67.05,0.0,67.05,2
2024-10-03,Sourdough,Downtown,12,2.37,28.44,0.15,24.17,4
2024-10-04,Sourdough,Downtown,40,3.21,128.4,0.15,109.14,2
2024-10-05,Rye,Westside,42,2.27,95.34,0.1,85.81,1
2024-10-06,Whole Wheat,Downtown,44,4.96,218.24,0.15,185.5,2
2024-10-07,Baguette,Westside,24,4.8,115.2,0.1,103.68,1
2024-10-08,Rye,East End,39,1.64,63.96,0.0,63.96,2
2024-10-09,Baguette,East End,29,3.97,115.13,0.05,109.37,3
2024-10-10,Rye,Northside,39,4.74,184.86,0.2,147.89,5
2024-10-11,Baguette,East End,29,2.13,61.77,0.0,61.77,3
2024-10-12,Baguette,Uptown,33,3.49,115.17,0.15,97.89,3
2024-10-13,Multigrain,Downtown,22,4.7,103.4,0.2,82.72,5
2024-10-14,Multigrain,Northside,22,1.62,35.64,0.05,33.86,5
2024-10-15,Sourdough,Northside,6,3.94,23.64,0.05,22.46,4
2024-10-16,Baguette,East End,39,2.54,99.06,0.1,89.15,4
2024-10-17,Sourdough,Uptown,20,4.74,94.8,0.2,75.84,3
2024-10-18,Sourdough,Downtown,45,4.9,220.5,0.1,198.45,3
2024-10-19,Baguette,Northside,40,4.8,192.0,0.0,192.0,1
2024-10-20,Multigrain,Westside,37,3.16,116.92,0.2,93.54,1
2024-10-21,Baguette,Northside,8,4.52,36.16,0.0,36.16,4
2024-10-22,Multigrain,Downtown,37,4.46,165.02,0.1,148.52,4
2024-10-23,Sourdough,Northside,18,2.62,47.16,0.2,37.73,1
2024-10-24,Multigrain,Westside,25,4.4,110.0,0.1,99.0,1
2024-10-25,Baguette,Downtown,24,1.63,39.12,0.2,31.3,2
2024-10-26,Baguette,Downtown,12,3.59,43.08,0.1,38.77,2
2024-10-27,Sourdough,Westside,11,2.31,25.41,0.05,24.14,1
2024-10-28,Sourdough,East End,7,1.92,13.44,0.1,12.1,2
2024-10-29,Sourdough,Uptown,21,1.77,37.17,0.05,35.31,5
2024-10-30,Baguette,Northside,37,3.94,145.78,0.1,131.2,4
2024-10-31,Sourdough,Downtown,16,2.69,43.04,0.2,34.43,4
2024-11-01,Sourdough,Downtown,26,4.04,105.04,0.2,84.03,1
2024-11-02,Sourdough,Northside,26,1.73,44.98,0.2,35.98,3
2024-11-03,Multigrain,East End,34,2.6,88.4,0.15,75.14,1
2024-11-04,Whole Wheat,Uptown,42,3.39,142.38,0.0,142.38,2
2024-11-05,Rye,East End,42,4.27,179.34,0.2,143.47,3
2024-11-06,Sourdough,Westside,49,2.62,128.38,0.05,121.96,2
2024-11-07,Rye,East End,12,3.69,44.28,0.2,35.42,5
2024-11-08,Rye,Northside,31,4.6,142.6,0.15,121.21,2
2024-11-09,Whole Wheat,Westside,31,3.66,113.46,0.05,107.79,5
2024-11-10,Rye,Uptown,38,2.32,88.16,0.15,74.94,5
2024-11-11,Sourdough,Uptown,25,1.59,39.75,0.05,37.76,2
2024-11-12,Whole Wheat,East End,34,4.55,154.7,0.1,139.23,2
2024-11-13,Sourdough,Westside,37,1.57,58.09,0.0,58.09,5
2024-11-14,Whole Wheat,Uptown,32,4.56,145.92,0.0,145.92,3
2024-11-15,Rye,East End,37,3.35,123.95,0.15,105.36,5
2024-11-16,Multigrain,Northside,9,4.79,43.11,0.0,43.11,4
2024-11-17,Sourdough,East End,23,4.3,98.9,0.15,84.06,5
2024-11-18,Rye,Westside,8,4.99,39.92,0.15,33.93,3
2024-11-19,Multigrain,East End,39,2.73,106.47,0.15,90.5,4
2024-11-20,Baguette,Downtown,21,4.19,87.99,0.0,87.99,1
2024-11-21,Multigrain,Westside,48,2.91,139.68,0.15,118.73,1
2024-11-22,Whole Wheat,Northside,32,3.18,101.76,0.0,101.76,3
2024-11-23,Multigrain,Uptown,34,3.7,125.8,0.15,106.93,5
2024-11-24,Whole Wheat,Uptown,33,4.56,150.48,0.2,120.38,2
2024-11-25,Multigrain,Downtown,10,4.94,49.4,0.15,41.99,3
2024-11-26,Whole Wheat,Uptown,39,4.19,163.41,0.05,155.24,4
2024-11-27,Whole Wheat,Northside,45,2.96,133.2,0.15,113.22,4
2024-11-28,Sourdough,Downtown,41,2.97,121.77,0.1,109.59,1
2024-11-29,Baguette,Northside,28,4.08,114.24,0.15,97.1,4
2024-11-30,Multigrain,Northside,33,2.34,77.22,0.05,73.36,3
2024-12-01,Sourdough,East End,35,1.89,66.15,0.05,62.84,4
2024-12-02,Rye,East End,39,2.74,106.86,0.0,106.86,3
2024-12-03,Multigrain,Uptown,37,2.51,92.87,0.2,74.3,2
2024-12-04,Baguette,Downtown,25,2.54,63.5,0.15,53.98,1
2024-12-05,Whole Wheat,Uptown,36,2.32,83.52,0.0,83.52,4
2024-12-06,Multigrain,Westside,27,1.65,44.55,0.2,35.64,3
2024-12-07,Sourdough,Downtown,37,1.56,57.72,0.15,49.06,5
2024-12-08,Rye,Northside,7,4.96,34.72,0.1,31.25,1
2024-12-09,Whole Wheat,Westside,22,3.0,66.0,0.15,56.1,2
2024-12-10,Multigrain,East End,29,2.85,82.65,0.05,78.52,3
2024-12-11,Whole Wheat,Uptown,46,3.88,178.48,0.05,169.56,2
2024-12-12,Rye,Westside,35,2.26,79.1,0.1,71.19,2
2024-12-13,Whole Wheat,East End,7,4.82,33.74,0.0,33.74,4
2024-12-14,Sourdough,Downtown,44,4.25,187.0,0.2,149.6,4
2024-12-15,Sourdough,East End,28,1.81,50.68,0.15,43.08,3
2024-12-16,Baguette,East End,36,2.96,106.56,0.05,101.23,5
2024-12-17,Sourdough,Downtown,26,4.58,119.08,0.0,119.08,3
2024-12-18,Whole Wheat,Downtown,27,4.81,129.87,0.1,116.88,5
2024-12-19,Baguette,East End,6,3.14,18.84,0.05,17.9,2
2024-12-20,Whole Wheat,East End,31,3.65,113.15,0.1,101.84,1
2024-12-21,Rye,Uptown,46,2.08,95.68,0.15,81.33,3
2024-12-22,Baguette,Uptown,6,4.97,29.82,0.2,23.86,3
2024-12-23,Rye,Westside,30,2.31,69.3,0.05,65.83,5
2024-12-24,Sourdough,Uptown,21,4.8,100.8,0.05,95.76,2
2024-12-25,Sourdough,Westside,44,3.77,165.88,0.15,141.0,2
2024-12-26,Rye,Northside,37,3.63,134.31,0.0,134.31,5
2024-12-27,Sourdough,Uptown,13,3.29,42.77,0.2,34.22,2
2024-12-28,Sourdough,Downtown,47,2.31,108.57,0.05,103.14,4
2024-12-29,Whole Wheat,Uptown,43,2.12,91.16,0.2,72.93,1
2024-12-30,Multigrain,Downtown,33,2.27,74.91,0.05,71.16,3
2024-12-31,Baguette,Northside,46,2.15,98.9,0.2,79.12,1
2025-01-01,Whole Wheat,Downtown,30,4.23,126.9,0.1,114.21,3
2025-01-02,Sourdough,Uptown,39,2.73,106.47,0.05,101.15,4
2025-01-03,Whole Wheat,East End,29,1.7,49.3,0.2,39.44,2
2025-01-04,Baguette,Uptown,28,4.89,136.92,0.0,136.92,5
2025-01-05,Sourdough,Northside,17,4.59,78.03,0.1,70.23,4
2025-01-06,Sourdough,Downtown,11,4.75,52.25,0.1,47.02,1
2025-01-07,Baguette,East End,40,4.98,199.2,0.0,199.2,5
2025-01-08,Sourdough,Westside,49,2.11,103.39,0.2,82.71,2
2025-01-09,Whole Wheat,East End,24,2.89,69.36,0.15,58.96,4
2025-01-10,Whole Wheat,Westside,5,4.15,20.75,0.0,20.75,5
2025-01-11,Rye,Downtown,12,3.94,47.28,0.2,37.82,4
2025-01-12,Rye,East End,20,2.04,40.8,0.0,40.8,4
2025-01-13,Rye,Westside,18,4.36,78.48,0.0,78.48,2
2025-01-14,Sourdough,Westside,16,2.29,36.64,0.05,34.81,3
2025-01-15,Rye,Northside,27,2.28,61.56,0.2,49.25,5
2025-01-16,Rye,Downtown,19,3.38,64.22,0.15,54.59,2
2025-01-17,Whole Wheat,East End,32,3.58,114.56,0.05,108.83,4
2025-01-18,Baguette,Downtown,38,3.53,134.14,0.0,134.14,2
2025-01-19,Rye,Northside,6,1.82,10.92,0.0,10.92,3
2025-01-20,Baguette,Downtown,36,4.57,164.52,0.0,164.52,5
2025-01-21,Rye,Downtown,27,2.43,65.61,0.2,52.49,3
2025-01-22,Rye,Northside,26,1.95,50.7,0.2,40.56,1
2025-01-23,Rye,Downtown,29,4.61,133.69,0.05,127.01,5
2025-01-24,Sourdough,Westside,26,4.84,125.84,0.15,106.96,3
2025-01-25,Whole Wheat,Northside,26,4.52,117.52,0.05,111.64,4
2025-01-26,Rye,Northside,46,4.33,199.18,0.1,179.26,5
2025-01-27,Baguette,Northside,10,3.79,37.9,0.0,37.9,5
2025-01-28,Baguette,Uptown,19,3.43,65.17,0.0,65.17,2
2025-01-29,Sourdough,Downtown,47,1.8,84.6,0.0,84.6,4
2025-01-30,Sourdough,Uptown,41,2.93,120.13,0.05,114.12,1
2025-01-31,Rye,East End,37,2.8,103.6,0.05,98.42,3
2025-02-01,Multigrain,East End,12,2.41,28.92,0.0,28.92,2
2025-02-02,Multigrain,Uptown,48,4.03,193.44,0.05,183.77,3
2025-02-03,Whole Wheat,Uptown,48,3.24,155.52,0.2,124.42,1
2025-02-04,Rye,Westside,9,1.78,16.02,0.2,12.82,1
2025-02-05,Whole Wheat,Northside,43,2.27,97.61,0.05,92.73,5
2025-02-06,Rye,Northside,8,3.89,31.12,0.0,31.12,1
2025-02-07,Rye,Westside,10,1.77,17.7,0.05,16.81,3
2025-02-08,Sourdough,Uptown,49,4.48,219.52,0.05,208.54,4
2025-02-09,Whole Wheat,East End,36,3.23,116.28,0.05,110.47,4
2025-02-10,Whole Wheat,Uptown,34,3.18,108.12,0.1,97.31,5
2025-02-11,Whole Wheat,Uptown,39,3.57,139.23,0.2,111.38,3
2025-02-12,Whole Wheat,Northside,44,4.39,193.16,0.15,164.19,3
2025-02-13,Multigrain,East End,20,2.72,54.4,0.15,46.24,1
2025-02-14,Sourdough,Uptown,17,3.87,65.79,0.1,59.21,3
2025-02-15,Multigrain,East End,46,3.48,160.08,0.05,152.08,2
2025-02-16,Multigrain,Northside,34,2.43,82.62,0.1,74.36,1
2025-02-17,Multigrain,Westside,23,4.58,105.34,0.1,94.81,2
2025-02-18,Whole Wheat,Uptown,21,4.29,90.09,0.0,90.09,5
2025-02-19,Multigrain,Westside,23,3.8,87.4,0.2,69.92,4
2025-02-20,Whole Wheat,East End,32,4.48,143.36,0.15,121.86,5
2025-02-21,Rye,Westside,30,4.54,136.2,0.05,129.39,4
2025-02-22,Multigrain,Downtown,41,3.98,163.18,0.15,138.7,5
2025-02-23,Sourdough,Westside,30,4.43,132.9,0.15,112.96,3
2025-02-24,Baguette,Downtown,27,3.94,106.38,0.2,85.1,2
2025-02-25,Multigrain,Northside,13,3.88,50.44,0.15,42.87,4
2025-02-26,Multigrain,Westside,16,3.67,58.72,0.15,49.91,1
2025-02-27,Baguette,Northside,5,4.13,20.65,0.1,18.58,2
2025-02-28,Baguette,Uptown,5,2.06,10.3,0.2,8.24,1
2025-03-01,Multigrain,Westside,38,4.58,174.04,0.0,174.04,2
2025-03-02,Rye,East End,36,4.55,163.8,0.05,155.61,2
2025-03-03,Rye,Downtown,29,1.6,46.4,0.15,39.44,5
2025-03-04,Baguette,Downtown,44,4.39,193.16,0.05,183.5,4
2025-03-05,Whole Wheat,East End,49,1.95,95.55,0.0,95.55,4
2025-03-06,Multigrain,East End,5,2.67,13.35,0.05,12.68,2
2025-03-07,Whole Wheat,Downtown,20,4.1,82.0,0.0,82.0,3
2025-03-08,Rye,Downtown,43,2.06,88.58,0.1,79.72,3
2025-03-09,Whole Wheat,Uptown,9,4.36,39.24,0.15,33.35,1
2025-03-10,Multigrain,Westside,26,4.41,114.66,0.0,114.66,1
2025-03-11,Sourdough,Downtown,33,3.28,108.24,0.05,102.83,5
2025-03-12,Sourdough,East End,7,1.52,10.64,0.15,9.04,2
2025-03-13,Baguette,Downtown,16,2.5,40.0,0.1,36.0,1
2025-03-14,Rye,Uptown,30,3.66,109.8,0.15,93.33,1
2025-03-15,Baguette,Northside,20,4.93,98.6,0.0,98.6,2
2025-03-16,Multigrain,Uptown,41,3.71,152.11,0.1,136.9,5
2025-03-17,Baguette,East End,26,2.41,62.66,0.05,59.53,1
2025-03-18,Rye,Downtown,33,3.72,122.76,0.1,110.48,5
2025-03-19,Multigrain,Uptown,18,3.39,61.02,0.1,54.92,4
2025-03-20,Multigrain,Downtown,32,4.23,135.36,0.2,108.29,5
2025-03-21,Sourdough,Northside,9,1.87,16.83,0.1,15.15,3
2025-03-22,Baguette,Uptown,34,4.16,141.44,0.1,127.3,3
2025-03-23,Baguette,Northside,9,3.39,30.51,0.15,25.93,5
2025-03-24,Multigrain,Westside,16,4.87,77.92,0.05,74.02,3
2025-03-25,Whole Wheat,Uptown,20,2.7,54.0,0.15,45.9,4
2025-03-26,Baguette,Northside,30,3.71,111.3,0.15,94.6,2
2025-03-27,Sourdough,East End,30,4.76,142.8,0.0,142.8,3
2025-03-28,Whole Wheat,East End,25,1.86,46.5,0.15,39.52,3
2025-03-29,Rye,Northside,43,4.78,205.54,0.2,164.43,5
2025-03-30,Sourdough,Northside,40,3.91,156.4,0.2,125.12,4
2025-03-31,Rye,Downtown,37,1.74,64.38,0.0,64.38,2
2025-04-01,Multigrain,Uptown,34,2.55,86.7,0.05,82.36,5
2025-04-02,Multigrain,Downtown,41,3.98,163.18,0.05,155.02,5
2025-04-03,Multigrain,East End,27,1.74,46.98,0.15,39.93,4
2025-04-04,Baguette,Uptown,14,3.54,49.56,0.15,42.13,2
2025-04-05,Baguette,Westside,9,2.71,24.39,0.15,20.73,4
2025-04-06,Sourdough,Uptown,40,3.67,146.8,0.05,139.46,2
2025-04-07,Whole Wheat,East End,38,1.66,63.08,0.1,56.77,4
2025-04-08,Rye,Westside,35,4.55,159.25,0.2,127.4,5
2025-04-09,Rye,Uptown,14,4.91,68.74,0.1,61.87,5
2025-04-10,Baguette,Downtown,23,4.89,112.47,0.1,101.22,1
2025-04-11,Multigrain,Northside,36,4.12,148.32,0.05,140.9,3
2025-04-12,Baguette,Northside,5,1.96,9.8,0.1,8.82,4
2025-04-13,Sourdough,Downtown,9,4.15,37.35,0.0,37.35,1
2025-04-14,Whole Wheat,Northside,49,1.59,77.91,0.15,66.22,3
2025-04-15,Sourdough,Downtown,8,1.58,12.64,0.0,12.64,4
2025-04-16,Rye,Northside,20,2.63,52.6,0.2,42.08,2
2025-04-17,Whole Wheat,Downtown,28,3.21,89.88,0.15,76.4,3
2025-04-18,Whole Wheat,Downtown,20,4.2,84.0,0.1,75.6,5
2025-04-19,Baguette,Uptown,6,3.89,23.34,0.2,18.67,1
2025-04-20,Sourdough,Northside,32,3.06,97.92,0.15,83.23,3
2025-04-21,Sourdough,Uptown,36,2.46,88.56,0.1,79.7,3
2025-04-22,Rye,Northside,31,4.99,154.69,0.0,154.69,5
2025-04-23,Whole Wheat,Westside,24,2.99,71.76,0.15,61.0,4
2025-04-24,Baguette,Northside,28,3.08,86.24,0.1,77.62,2
2025-04-25,Baguette,Westside,16,2.07,33.12,0.0,33.12,5
2025-04-26,Rye,Westside,39,4.28,166.92,0.2,133.54,2
2025-04-27,Multigrain,Downtown,37,3.93,145.41,0.2,116.33,4
2025-04-28,Whole Wheat,Uptown,37,2.27,83.99,0.2,67.19,3
2025-04-29,Multigrain,Northside,47,1.79,84.13,0.2,67.3,2
2025-04-30,Whole Wheat,Uptown,41,3.88,159.08,0.05,151.13,1
2025-05-01,Rye,Downtown,16,3.79,60.64,0.15,51.54,1
2025-05-02,Baguette,Westside,7,2.46,17.22,0.15,14.64,5
2025-05-03,Sourdough,Uptown,5,4.83,24.15,0.05,22.94,4
2025-05-04,Whole Wheat,Downtown,37,2.03,75.11,0.1,67.6,5
2025-05-05,Rye,Westside,44,3.01,132.44,0.1,119.2,5
2025-05-06,Rye,Northside,14,4.8,67.2,0.2,53.76,5
2025-05-07,Multigrain,Uptown,47,2.97,139.59,0.0,139.59,1
2025-05-08,Rye,Northside,48,3.73,179.04,0.1,161.14,1
2025-05-09,Whole Wheat,Northside,33,2.89,95.37,0.0,95.37,5
2025-05-10,Baguette,Westside,17,2.46,41.82,0.15,35.55,1
2025-05-11,Rye,Northside,16,4.94,79.04,0.0,79.04,4
2025-05-12,Whole Wheat,Uptown,35,2.93,102.55,0.15,87.17,5
2025-05-13,Multigrain,Uptown,6,4.63,27.78,0.05,26.39,1
2025-05-14,Multigrain,Northside,39,2.3,89.7,0.05,85.22,2
2025-05-15,Baguette,Downtown,27,2.25,60.75,0.2,48.6,5
2025-05-16,Whole Wheat,Downtown,21,1.61,33.81,0.1,30.43,5
2025-05-17,Sourdough,East End,30,3.78,113.4,0.2,90.72,4
2025-05-18,Whole Wheat,Uptown,12,2.79,33.48,0.15,28.46,3
2025-05-19,Baguette,Downtown,33,4.53,149.49,0.2,119.59,3
2025-05-20,Baguette,Northside,30,3.16,94.8,0.0,94.8,4
2025-05-21,Multigrain,East End,14,4.89,68.46,0.15,58.19,4
2025-05-22,Baguette,Northside,30,2.15,64.5,0.05,61.28,4
2025-05-23,Sourdough,Westside,38,4.54,172.52,0.1,155.27,3
2025-05-24,Whole Wheat,Northside,45,4.22,189.9,0.15,161.42,4
2025-05-25,Baguette,East End,11,4.2,46.2,0.15,39.27,1
2025-05-26,Sourdough,East End,8,4.46,35.68,0.0,35.68,5
2025-05-27,Baguette,Northside,49,4.16,203.84,0.1,183.46,5
2025-05-28,Sourdough,Westside,15,3.69,55.35,0.05,52.58,2
2025-05-29,Whole Wheat,Westside,33,1.96,64.68,0.15,54.98,2
2025-05-30,Rye,Westside,40,1.61,64.4,0.15,54.74,5
2025-05-31,Rye,Northside,29,4.72,136.88,0.0,136.88,1
2025-06-01,Whole Wheat,Westside,25,3.66,91.5,0.2,73.2,3
2025-06-02,Whole Wheat,Downtown,40,4.29,171.6,0.05,163.02,3
2025-06-03,Rye,East End,14,3.19,44.66,0.1,40.19,1
2025-06-04,Rye,Downtown,41,1.91,78.31,0.15,66.56,3
2025-06-05,Rye,Westside,13,1.94,25.22,0.15,21.44,4
2025-06-06,Sourdough,East End,28,3.9,109.2,0.05,103.74,5
2025-06-07,Baguette,East End,39,3.01,117.39,0.2,93.91,5
2025-06-08,Sourdough,Northside,39,2.2,85.8,0.15,72.93,1
2025-06-09,Sourdough,East End,40,3.22,128.8,0.05,122.36,3
2025-06-10,Rye,Northside,22,1.72,37.84,0.0,37.84,2
2025-06-11,Sourdough,Downtown,43,3.54,152.22,0.2,121.78,2
2025-06-12,Whole Wheat,Northside,36,2.44,87.84,0.1,79.06,3
2025-06-13,Multigrain,Downtown,28,4.29,120.12,0.15,102.1,2
2025-06-14,Multigrain,East End,27,2.59,69.93,0.05,66.43,1
2025-06-15,Sourdough,East End,36,3.09,111.24,0.0,111.24,1
2025-06-16,Rye,Westside,41,1.54,63.14,0.1,56.83,3
2025-06-17,Rye,East End,16,1.75,28.0,0.05,26.6,2
2025-06-18,Multigrain,Northside,17,2.87,48.79,0.05,46.35,1
2025-06-19,Whole Wheat,Downtown,27,3.18,85.86,0.1,77.27,1
2025-06-20,Sourdough,Northside,29,3.6,104.4,0.0,104.4,4
2025-06-21,Rye,Uptown,39,2.52,98.28,0.0,98.28,4
2025-06-22,Sourdough,Uptown,45,3.93,176.85,0.2,141.48,1
2025-06-23,Multigrain,Uptown,34,4.51,153.34,0.15,130.34,3
2025-06-24,Whole Wheat,East End,21,4.23,88.83,0.1,79.95,5
2025-06-25,Multigrain,Downtown,24,1.64,39.36,0.1,35.42,5
2025-06-26,Baguette,Westside,29,3.18,92.22,0.1,83.0,1
2025-06-27,Multigrain,Westside,26,1.87,48.62,0.0,48.62,1
2025-06-28,Whole Wheat,Downtown,17,2.35,39.95,0.15,33.96,1
2025-06-29,Whole Wheat,Downtown,23,4.95,113.85,0.2,91.08,3
2025-06-30,Baguette,Downtown,40,2.0,80.0,0.05,76.0,4
2025-07-01,Rye,Downtown,16,3.25,52.0,0.05,49.4,1
2025-07-02,Whole Wheat,East End,45,3.66,164.7,0.1,148.23,1
2025-07-03,Rye,East End,23,3.96,91.08,0.15,77.42,2
2025-07-04,Rye,Uptown,16,3.46,55.36,0.0,55.36,3
2025-07-05,Multigrain,East End,13,1.53,19.89,0.15,16.91,1
2025-07-06,Baguette,Downtown,11,2.64,29.04,0.15,24.68,2
2025-07-07,Sourdough,Westside,32,3.31,105.92,0.0,105.92,5
2025-07-08,Whole Wheat,Northside,18,1.81,32.58,0.1,29.32,1
2025-07-09,Baguette,Northside,35,2.73,95.55,0.15,81.22,1
2025-07-10,Sourdough,Westside,23,1.62,37.26,0.05,35.4,2
2025-07-11,Sourdough,Uptown,20,1.78,35.6,0.0,35.6,3
2025-07-12,Whole Wheat,Downtown,9,2.89,26.01,0.2,20.81,1
2025-07-13,Multigrain,Westside,39,1.96,76.44,0.1,68.8,5
2025-07-14,Rye,Northside,16,3.49,55.84,0.0,55.84,1
2025-07-15,Rye,East End,29,3.91,113.39,0.2,90.71,5
2025-07-16,Whole Wheat,Uptown,25,4.3,107.5,0.2,86.0,4
2025-07-17,Rye,Northside,40,2.2,88.0,0.15,74.8,4
2025-07-18,Baguette,Downtown,27,2.09,56.43,0.15,47.97,5
2025-07-19,Baguette,Downtown,20,1.87,37.4,0.15,31.79,3
2025-07-20,Whole Wheat,Downtown,43,3.73,160.39,0.0,160.39,1
2025-07-21,Sourdough,Downtown,49,3.97,194.53,0.0,194.53,1
2025-07-22,Rye,East End,46,1.61,74.06,0.1,66.65,4
2025-07-23,Whole Wheat,Uptown,43,4.78,205.54,0.15,174.71,5
2025-07-24,Rye,Northside,18,1.68,30.24,0.2,24.19,1
2025-07-25,Whole Wheat,Uptown,35,3.39,118.65,0.05,112.72,1
2025-07-26,Whole Wheat,Uptown,9,3.98,35.82,0.1,32.24,3
2025-07-27,Sourdough,Uptown,39,4.55,177.45,0.0,177.45,2
2025-07-28,Sourdough,East End,27,4.0,108.0,0.1,97.2,4
2025-07-29,Multigrain,Northside,33,4.31,142.23,0.1,128.01,4
2025-07-30,Rye,Westside,47,2.69,126.43,0.1,113.79,2
2025-07-31,Sourdough,Northside,15,4.35,65.25,0.1,58.72,1
2025-08-01,Baguette,Northside,22,1.78,39.16,0.05,37.2,3
2025-08-02,Baguette,Northside,16,4.63,74.08,0.15,62.97,3
2025-08-03,Baguette,Westside,13,3.42,44.46,0.2,35.57,4
2025-08-04,Multigrain,East End,14,4.36,61.04,0.1,54.94,3
2025-08-05,Rye,Uptown,48,3.08,147.84,0.1,133.06,2
2025-08-06,Sourdough,Uptown,21,3.75,78.75,0.1,70.88,1
2025-08-07,Sourdough,East End,42,3.34,140.28,0.15,119.24,2
2025-08-08,Whole Wheat,Westside,11,4.06,44.66,0.0,44.66,5
2025-08-09,Sourdough,Uptown,17,1.79,30.43,0.0,30.43,4
2025-08-10,Multigrain,Downtown,44,1.71,75.24,0.05,71.48,3
2025-08-11,Baguette,East End,46,2.36,108.56,0.0,108.56,5
2025-08-12,Multigrain,Northside,13,2.06,26.78,0.1,24.1,3
2025-08-13,Multigrain,Uptown,31,4.55,141.05,0.1,126.94,1
2025-08-14,Rye,East End,6,2.27,13.62,0.1,12.26,1
2025-08-15,Rye,Westside,9,4.92,44.28,0.05,42.07,1
2025-08-16,Baguette,Uptown,33,2.68,88.44,0.1,79.6,3
2025-08-17,Sourdough,Westside,41,2.14,87.74,0.0,87.74,5
2025-08-18,Whole Wheat,Northside,42,4.26,178.92,0.15,152.08,1
2025-08-19,Baguette,Downtown,23,3.81,87.63,0.15,74.49,5
2025-08-20,Multigrain,Northside,12,3.24,38.88,0.2,31.1,3
2025-08-21,Multigrain,Uptown,49,3.44,168.56,0.0,168.56,5
2025-08-22,Baguette,Uptown,5,4.02,20.1,0.1,18.09,3
2025-08-23,Baguette,Uptown,26,2.3,59.8,0.15,50.83,3
2025-08-24,Baguette,East End,21,4.99,104.79,0.0,104.79,4
2025-08-25,Baguette,Uptown,11,4.91,54.01,0.15,45.91,3
2025-08-26,Rye,Uptown,29,3.78,109.62,0.1,98.66,3
2025-08-27,Rye,Uptown,49,2.2,107.8,0.15,91.63,2
2025-08-28,Multigrain,Downtown,8,3.88,31.04,0.2,24.83,1
2025-08-29,Sourdough,Westside,40,1.75,70.0,0.2,56.0,4
2025-08-30,Sourdough,Uptown,10,1.61,16.1,0.15,13.68,4
2025-08-31,Baguette,Westside,35,2.4,84.0,0.0,84.0,4
2025-09-01,Sourdough,Northside,23,3.12,71.76,0.0,71.76,2
2025-09-02,Rye,Downtown,48,4.54,217.92,0.0,217.92,3
2025-09-03,Sourdough,Downtown,43,4.05,174.15,0.15,148.03,1
2025-09-04,Sourdough,Uptown,31,4.1,127.1,0.0,127.1,5
2025-09-05,Sourdough,Uptown,14,2.99,41.86,0.1,37.67,3
2025-09-06,Rye,Uptown,30,2.71,81.3,0.2,65.04,2
2025-09-07,Baguette,East End,23,2.8,64.4,0.1,57.96,3
2025-09-08,Whole Wheat,Northside,43,4.96,213.28,0.0,213.28,3
2025-09-09,Baguette,East End,7,1.64,11.48,0.1,10.33,2
2025-09-10,Rye,Northside,49,4.53,221.97,0.0,221.97,4
2025-09-11,Baguette,Westside,17,3.53,60.01,0.15,51.01,4
2025-09-12,Rye,Downtown,32,3.04,97.28,0.1,87.55,1
2025-09-13,Sourdough,Uptown,24,4.04,96.96,0.15,82.42,1
2025-09-14,Multigrain,Westside,32,3.2,102.4,0.15,87.04,4
2025-09-15,Multigrain,Westside,12,4.56,54.72,0.05,51.98,5
2025-09-16,Whole Wheat,Uptown,45,4.65,209.25,0.0,209.25,3
2025-09-17,Multigrain,Uptown,43,2.98,128.14,0.2,102.51,5
2025-09-18,Whole Wheat,Uptown,5,2.47,12.35,0.0,12.35,3
2025-09-19,Multigrain,Northside,7,3.57,24.99,0.2,19.99,4
2025-09-20,Rye,Northside,17,4.69,79.73,0.0,79.73,1
2025-09-21,Baguette,Westside,32,2.24,71.68,0.15,60.93,1
2025-09-22,Baguette,Westside,29,3.68,106.72,0.1,96.05,5
2025-09-23,Sourdough,Downtown,37,3.71,137.27,0.1,123.54,1
2025-09-24,Sourdough,Uptown,42,4.07,170.94,0.05,162.39,4
2025-09-25,Baguette,Downtown,10,1.96,19.6,0.2,15.68,5
2025-09-26,Whole Wheat,Uptown,48,4.01,192.48,0.2,153.98,3
2025-09-27,Whole Wheat,Downtown,49,4.68,229.32,0.2,183.46,1
2025-09-28,Multigrain,East End,36,2.13,76.68,0.15,65.18,2
2025-09-29,Rye,East End,49,2.33,114.17,0.2,91.34,1
2025-09-30,Sourdough,Downtown,25,4.9,122.5,0.1,110.25,3
2025-10-01,Rye,Uptown,20,2.13,42.6,0.15,36.21,5
2025-10-02,Multigrain,Downtown,25,4.49,112.25,0.0,112.25,3
2025-10-03,Multigrain,Uptown,15,3.22,48.3,0.2,38.64,2
2025-10-04,Multigrain,East End,41,2.37,97.17,0.2,77.74,4
2025-10-05,Baguette,Northside,40,4.55,182.0,0.0,182.0,1
2025-10-06,Sourdough,Westside,39,3.06,119.34,0.2,95.47,5
2025-10-07,Sourdough,Westside,23,3.3,75.9,0.0,75.9,4
2025-10-08,Multigrain,Uptown,24,2.76,66.24,0.15,56.3,3
2025-10-09,Rye,East End,22,3.58,78.76,0.1,70.88,5
2025-10-10,Rye,East End,45,2.07,93.15,0.0,93.15,4
2025-10-11,Multigrain,Northside,18,2.87,51.66,0.05,49.08,5
2025-10-12,Sourdough,Downtown,19,4.89,92.91,0.0,92.91,2
2025-10-13,Baguette,Uptown,35,2.4,84.0,0.2,67.2,2
2025-10-14,Sourdough,Westside,5,3.8,19.0,0.15,16.15,1
2025-10-15,Rye,Northside,7,2.64,18.48,0.15,15.71,1
2025-10-16,Rye,East End,20,4.21,84.2,0.0,84.2,2
2025-10-17,Baguette,Uptown,27,1.96,52.92,0.1,47.63,5
2025-10-18,Rye,Westside,15,4.89,73.35,0.05,69.68,2
2025-10-19,Rye,Westside,16,3.09,49.44,0.15,42.02,1
2025-10-20,Rye,Uptown,14,2.33,32.62,0.2,26.1,2
2025-10-21,Baguette,Uptown,36,1.76,63.36,0.2,50.69,2
2025-10-22,Baguette,Westside,20,2.09,41.8,0.1,37.62,5
2025-10-23,Rye,East End,12,3.32,39.84,0.15,33.86,4
2025-10-24,Baguette,Uptown,42,2.68,112.56,0.0,112.56,1
2025-10-25,Multigrain,Northside,16,4.4,70.4,0.2,56.32,5
2025-10-26,Rye,Downtown,28,3.01,84.28,0.1,75.85,2
2025-10-27,Rye,Uptown,32,2.37,75.84,0.15,64.46,2
2025-10-28,Multigrain,Uptown,12,3.66,43.92,0.15,37.33,4
2025-10-29,Multigrain,Downtown,32,3.97,127.04,0.15,107.98,1
2025-10-30,Rye,Northside,40,2.08,83.2,0.15,70.72,1
2025-10-31,Baguette,Uptown,30,2.09,62.7,0.15,53.3,3
2025-11-01,Baguette,Northside,12,1.63,19.56,0.2,15.65,1
2025-11-02,Baguette,Northside,32,4.08,130.56,0.1,117.5,4
2025-11-03,Rye,East End,32,3.82,122.24,0.15,103.9,3
2025-11-04,Sourdough,Uptown,41,3.16,129.56,0.05,123.08,3
2025-11-05,Whole Wheat,Uptown,45,4.45,200.25,0.05,190.24,2
2025-11-06,Rye,Uptown,40,4.32,172.8,0.1,155.52,2
2025-11-07,Multigrain,Westside,31,3.55,110.05,0.0,110.05,1
2025-11-08,Baguette,Westside,21,4.54,95.34,0.0,95.34,3
2025-11-09,Baguette,Northside,13,2.22,28.86,0.0,28.86,2
2025-11-10,Whole Wheat,Downtown,37,1.89,69.93,0.05,66.43,4
2025-11-11,Whole Wheat,Westside,24,2.44,58.56,0.0,58.56,2
2025-11-12,Rye,Westside,17,1.7,28.9,0.2,23.12,2
2025-11-13,Whole Wheat,Westside,32,3.36,107.52,0.15,91.39,3
2025-11-14,Rye,Downtown,33,4.78,157.74,0.05,149.85,3
2025-11-15,Sourdough,Uptown,17,1.64,27.88,0.1,25.09,5
2025-11-16,Rye,Northside,39,1.93,75.27,0.1,67.74,4
2025-11-17,Sourdough,Westside,10,3.08,30.8,0.15,26.18,3
2025-11-18,Sourdough,Downtown,22,4.77,104.94,0.05,99.69,1
2025-11-19,Multigrain,East End,9,2.61,23.49,0.0,23.49,4
2025-11-20,Multigrain,East End,29,3.28,95.12,0.0,95.12,4
2025-11-21,Sourdough,Downtown,6,1.65,9.9,0.2,7.92,3
2025-11-22,Sourdough,Downtown,14,2.02,28.28,0.2,22.62,4
2025-11-23,Baguette,Northside,34,4.95,168.3,0.0,168.3,3
2025-11-24,Whole Wheat,Northside,49,4.88,239.12,0.1,215.21,2
2025-11-25,Baguette,Westside,9,1.52,13.68,0.1,12.31,5
2025-11-26,Rye,Northside,37,4.83,178.71,0.2,142.97,2
2025-11-27,Multigrain,East End,5,3.74,18.7,0.15,15.9,3
2025-11-28,Baguette,Westside,22,4.54,99.88,0.0,99.88,3
2025-11-29,Whole Wheat,Northside,36,3.09,111.24,0.2,88.99,2
2025-11-30,Multigrain,Westside,15,3.3,49.5,0.2,39.6,1
2025-12-01,Rye,Downtown,25,3.21,80.25,0.0,80.25,1
2025-12-02,Rye,Northside,30,3.83,114.9,0.0,114.9,1
2025-12-03,Sourdough,Northside,29,1.99,57.71,0.1,51.94,3
2025-12-04,Multigrain,Westside,26,1.6,41.6,0.15,35.36,4
2025-12-05,Baguette,Westside,31,2.58,79.98,0.15,67.98,3
2025-12-06,Whole Wheat,Downtown,17,3.97,67.49,0.0,67.49,4
2025-12-07,Multigrain,East End,37,2.21,81.77,0.05,77.68,2
2025-12-08,Sourdough,Northside,38,3.86,146.68,0.2,117.34,5
2025-12-09,Multigrain,East End,45,4.89,220.05,0.2,176.04,4
2025-12-10,Rye,Westside,39,1.83,71.37,0.0,71.37,1
2025-12-11,Sourdough,Northside,5,3.85,19.25,0.05,18.29,3
2025-12-12,Multigrain,East End,25,3.05,76.25,0.1,68.62,2
2025-12-13,Multigrain,Uptown,10,4.54,45.4,0.0,45.4,1
2025-12-14,Rye,Downtown,32,2.12,67.84,0.0,67.84,2
2025-12-15,Sourdough,Uptown,21,3.92,82.32,0.2,65.86,5
2025-12-16,Sourdough,East End,9,4.43,39.87,0.0,39.87,3
2025-12-17,Multigrain,Downtown,35,4.81,168.35,0.0,168.35,3
2025-12-18,Multigrain,East End,9,3.89,35.01,0.0,35.01,5
2025-12-19,Whole Wheat,Westside,42,3.24,136.08,0.2,108.86,3
2025-12-20,Whole Wheat,East End,7,3.66,25.62,0.1,23.06,4
2025-12-21,Rye,Westside,27,4.54,122.58,0.1,110.32,2
2025-12-22,Whole Wheat,Downtown,41,3.5,143.5,0.0,143.5,1
2025-12-23,Whole Wheat,Westside,41,1.61,66.01,0.2,52.81,5
2025-12-24,Baguette,Uptown,14,4.76,66.64,0.1,59.98,4
2025-12-25,Baguette,Uptown,14,3.91,54.74,0.1,49.27,1
2025-12-26,Whole Wheat,Downtown,23,3.87,89.01,0.1,80.11,1
2025-12-27,Rye,Westside,21,2.25,47.25,0.2,37.8,5
2025-12-28,Whole Wheat,East End,25,3.81,95.25,0.2,76.2,4
2025-12-29,Baguette,Northside,18,2.88,51.84,0.0,51.84,1
2025-12-30,Sourdough,Downtown,13,3.78,49.14,0.15,41.77,1
2025-12-31,Baguette,Westside,5,1.87,9.35,0.1,8.41,4
2026-01-01,Multigrain,Downtown,49,3.8,186.2,0.15,158.27,3
2026-01-02,Baguette,Westside,17,5.0,85.0,0.2,68.0,1
2026-01-03,Rye,East End,8,1.67,13.36,0.2,10.69,2
2026-01-04,Baguette,East End,5,4.92,24.6,0.2,19.68,4
2026-01-05,Multigrain,Uptown,44,2.92,128.48,0.15,109.21,1
2026-01-06,Sourdough,Downtown,36,4.55,163.8,0.2,131.04,5
2026-01-07,Baguette,Uptown,38,4.24,161.12,0.0,161.12,2
2026-01-08,Rye,Northside,32,3.48,111.36,0.2,89.09,1
2026-01-09,Sourdough,Uptown,35,4.08,142.8,0.05,135.66,2
2026-01-10,Baguette,Northside,12,4.57,54.84,0.15,46.61,2
2026-01-11,Multigrain,Westside,43,2.91,125.13,0.05,118.87,3
2026-01-12,Rye,East End,30,2.64,79.2,0.2,63.36,2
2026-01-13,Whole Wheat,Uptown,38,3.84,145.92,0.0,145.92,3
2026-01-14,Sourdough,Uptown,7,4.33,30.31,0.1,27.28,4
2026-01-15,Multigrain,Northside,16,4.17,66.72,0.2,53.38,3
2026-01-16,Whole Wheat,Downtown,5,4.29,21.45,0.0,21.45,5
2026-01-17,Sourdough,Westside,48,3.02,144.96,0.15,123.22,1
2026-01-18,Multigrain,East End,9,4.36,39.24,0.05,37.28,4
2026-01-19,Baguette,East End,34,1.92,65.28,0.05,62.02,4
2026-01-20,Baguette,Northside,34,3.41,115.94,0.05,110.14,5
2026-01-21,Multigrain,Westside,21,1.52,31.92,0.15,27.13,3
2026-01-22,Baguette,Uptown,27,2.64,71.28,0.0,71.28,1
2026-01-23,Baguette,East End,19,2.78,52.82,0.15,44.9,3
2026-01-24,Sourdough,East End,41,2.89,118.49,0.05,112.57,2
2026-01-25,Sourdough,Northside,25,3.93,98.25,0.2,78.6,3
2026-01-26,Baguette,East End,18,2.86,51.48,0.1,46.33,4
2026-01-27,Sourdough,Westside,6,3.07,18.42,0.15,15.66,1
2026-01-28,Sourdough,Uptown,15,2.33,34.95,0.15,29.71,3
2026-01-29,Sourdough,Westside,43,2.81,120.83,0.0,120.83,1
2026-01-30,Rye,Downtown,42,2.3,96.6,0.0,96.6,1
2026-01-31,Whole Wheat,Northside,38,1.76,66.88,0.15,56.85,2
2026-02-01,Multigrain,Downtown,42,3.61,151.62,0.05,144.04,2
2026-02-02,Rye,Westside,38,3.84,145.92,0.1,131.33,4
2026-02-03,Sourdough,Westside,22,3.67,80.74,0.0,80.74,5
2026-02-04,Whole Wheat,Northside,34,3.12,106.08,0.05,100.78,1
2026-02-05,Rye,East End,19,2.83,53.77,0.2,43.02,5
2026-02-06,Rye,Northside,31,4.52,140.12,0.0,140.12,4
2026-02-07,Sourdough,East End,38,3.32,126.16,0.05,119.85,1
2026-02-08,Whole Wheat,Northside,42,3.18,133.56,0.05,126.88,1
2026-02-09,Sourdough,Northside,37,1.59,58.83,0.1,52.95,5
2026-02-10,Multigrain,Westside,28,2.69,75.32,0.1,67.79,3
2026-02-11,Rye,East End,19,2.83,53.77,0.2,43.02,2
2026-02-12,Baguette,Downtown,34,2.9,98.6,0.05,93.67,3
2026-02-13,Rye,Uptown,46,3.53,162.38,0.05,154.26,5
2026-02-14,Multigrain,Westside,21,3.37,70.77,0.1,63.69,2
2026-02-15,Baguette,Westside,9,3.63,32.67,0.0,32.67,3
2026-02-16,Whole Wheat,East End,33,4.18,137.94,0.0,137.94,2
2026-02-17,Sourdough,Uptown,8,4.35,34.8,0.15,29.58,1
2026-02-18,Baguette,East End,14,4.01,56.14,0.1,50.53,3
2026-02-19,Rye,East End,21,4.84,101.64,0.15,86.39,2
2026-02-20,Multigrain,Uptown,14,1.56,21.84,0.1,19.66,2
2026-02-21,Whole Wheat,Uptown,21,2.19,45.99,0.2,36.79,2
2026-02-22,Baguette,Uptown,24,1.53,36.72,0.05,34.88,3
2026-02-23,Multigrain,East End,28,3.77,105.56,0.2,84.45,4
2026-02-24,Baguette,Downtown,9,4.64,41.76,0.1,37.58,3
2026-02-25,Rye,Downtown,38,2.35,89.3,0.05,84.84,5
2026-02-26,Sourdough,Westside,10,4.74,47.4,0.0,47.4,3
2026-02-27,Baguette,Uptown,6,1.71,10.26,0.0,10.26,2
2026-02-28,Sourdough,East End,17,4.77,81.09,0.15,68.93,1
2026-03-01,Multigrain,Uptown,47,2.73,128.31,0.1,115.48,3
2026-03-02,Whole Wheat,Downtown,47,1.85,86.95,0.1,78.26,3
2026-03-03,Multigrain,Downtown,15,3.2,48.0,0.0,48.0,2
2026-03-04,Sourdough,Uptown,27,2.4,64.8,0.2,51.84,1
2026-03-05,Whole Wheat,Uptown,20,2.5,50.0,0.05,47.5,1
2026-03-06,Sourdough,Northside,35,2.58,90.3,0.2,72.24,5
2026-03-07,Whole Wheat,Uptown,15,4.31,64.65,0.2,51.72,3
2026-03-08,Multigrain,East End,20,3.39,67.8,0.0,67.8,1
2026-03-09,Whole Wheat,Westside,12,2.59,31.08,0.0,31.08,1
2026-03-10,Baguette,Uptown,8,3.64,29.12,0.0,29.12,4
2026-03-11,Multigrain,Northside,44,4.01,176.44,0.15,149.97,4
2026-03-12,Multigrain,Westside,8,2.45,19.6,0.2,15.68,1
2026-03-13,Whole Wheat,Uptown,29,2.95,85.55,0.1,77.0,5
2026-03-14,Sourdough,Westside,7,1.93,13.51,0.05,12.83,1
2026-03-15,Sourdough,Downtown,36,2.13,76.68,0.15,65.18,2
2026-03-16,Baguette,Westside,7,3.88,27.16,0.1,24.44,3
2026-03-17,Sourdough,Downtown,31,2.14,66.34,0.2,53.07,5
2026-03-18,Baguette,Northside,33,3.34,110.22,0.0,110.22,2
2026-03-19,Rye,Uptown,36,3.98,143.28,0.2,114.62,5
2026-03-20,Whole Wheat,Uptown,23,1.87,43.01,0.05,40.86,2
2026-03-21,Multigrain,Downtown,25,3.49,87.25,0.15,74.16,3
2026-03-22,Whole Wheat,Downtown,9,2.4,21.6,0.15,18.36,3
2026-03-23,Whole Wheat,Uptown,22,4.87,107.14,0.05,101.78,4
2026-03-24,Multigrain,Uptown,32,3.19,102.08,0.1,91.87,2
2026-03-25,Baguette,Northside,46,4.32,198.72,0.1,178.85,4
2026-03-26,Sourdough,Westside,26,3.43,89.18,0.15,75.8,2
2026-03-27,Rye,Northside,25,1.65,41.25,0.15,35.06,4
2026-03-28,Rye,Uptown,10,3.72,37.2,0.0,37.2,3
2026-03-29,Whole Wheat,Northside,5,4.83,24.15,0.1,21.74,5
2026-03-30,Multigrain,Downtown,9,3.61,32.49,0.05,30.87,4
2026-03-31,Sourdough,Northside,45,4.37,196.65,0.1,176.98,2
2026-04-01,Baguette,East End,16,4.59,73.44,0.0,73.44,2
2026-04-02,Sourdough,Downtown,30,2.3,69.0,0.15,58.65,3
2026-04-03,Baguette,East End,38,2.24,85.12,0.15,72.35,2
2026-04-04,Baguette,Westside,18,3.64,65.52,0.0,65.52,1
2026-04-05,Whole Wheat,East End,30,2.94,88.2,0.05,83.79,5
2026-04-06,Baguette,Northside,49,4.44,217.56,0.15,184.93,4
2026-04-07,Multigrain,Downtown,31,4.65,144.15,0.2,115.32,5
2026-04-08,Sourdough,Northside,13,2.74,35.62,0.15,30.28,3
2026-04-09,Rye,East End,30,2.33,69.9,0.2,55.92,4
2026-04-10,Baguette,Northside,26,4.23,109.98,0.0,109.98,4
2026-04-11,Sourdough,Westside,34,2.46,83.64,0.0,83.64,1
2026-04-12,Rye,Westside,47,4.38,205.86,0.15,174.98,3
2026-04-13,Multigrain,Downtown,21,2.98,62.58,0.1,56.32,2
2026-04-14,Baguette,Uptown,30,3.84,115.2,0.2,92.16,1
2026-04-15,Sourdough,East End,40,1.83,73.2,0.05,69.54,1
2026-04-16,Sourdough,Northside,5,3.68,18.4,0.15,15.64,5
2026-04-17,Whole Wheat,Downtown,12,3.08,36.96,0.05,35.11,5
2026-04-18,Rye,East End,39,3.55,138.45,0.15,117.68,5
2026-04-19,Rye,Uptown,19,2.09,39.71,0.1,35.74,1
2026-04-20,Whole Wheat,Westside,26,4.08,106.08,0.1,95.47,2
2026-04-21,Rye,Northside,18,4.52,81.36,0.1,73.22,4
2026-04-22,Baguette,Uptown,30,2.26,67.8,0.1,61.02,5
2026-04-23,Sourdough,Uptown,32,1.84,58.88,0.0,58.88,2
2026-04-24,Baguette,East End,27,1.58,42.66,0.0,42.66,3
2026-04-25,Baguette,Westside,18,3.75,67.5,0.2,54.0,5
2026-04-26,Multigrain,Downtown,28,3.62,101.36,0.05,96.29,4
2026-04-27,Baguette,East End,6,3.41,20.46,0.15,17.39,3
2026-04-28,Rye,East End,49,2.31,113.19,0.15,96.21,3
2026-04-29,Whole Wheat,Northside,30,2.87,86.1,0.0,86.1,4
2026-04-30,Sourdough,Downtown,18,3.58,64.44,0.15,54.77,5
2026-05-01,Whole Wheat,Downtown,11,3.24,35.64,0.0,35.64,1
2026-05-02,Rye,Downtown,7,4.96,34.72,0.2,27.78,4
2026-05-03,Sourdough,Westside,27,1.98,53.46,0.05,50.79,4
2026-05-04,Multigrain,Northside,47,3.93,184.71,0.2,147.77,4
2026-05-05,Whole Wheat,Northside,49,2.92,143.08,0.1,128.77,3
2026-05-06,Whole Wheat,Uptown,22,3.0,66.0,0.1,59.4,2
2026-05-07,Whole Wheat,Uptown,42,4.01,168.42,0.1,151.58,1
2026-05-08,Baguette,Uptown,39,3.92,152.88,0.2,122.3,5
2026-05-09,Multigrain,Westside,19,4.97,94.43,0.15,80.27,5
2026-05-10,Rye,Northside,29,1.95,56.55,0.05,53.72,2
2026-05-11,Sourdough,Northside,41,1.86,76.26,0.1,68.63,4
2026-05-12,Sourdough,Uptown,32,4.04,129.28,0.1,116.35,1
2026-05-13,Sourdough,East End,14,3.52,49.28,0.1,44.35,5
2026-05-14,Whole Wheat,Northside,43,2.46,105.78,0.05,100.49,5
2026-05-15,Sourdough,Uptown,21,1.78,37.38,0.1,33.64,4
2026-05-16,Whole Wheat,Northside,43,1.8,77.4,0.05,73.53,2
2026-05-17,Rye,Downtown,26,4.63,120.38,0.1,108.34,1
2026-05-18,Whole Wheat,Northside,30,2.17,65.1,0.2,52.08,2
2026-05-19,Multigrain,East End,48,2.63,126.24,0.2,100.99,2
2026-05-20,Baguette,East End,29,2.29,66.41,0.05,63.09,1
2026-05-21,Multigrain,Northside,21,2.74,57.54,0.2,46.03,1
2026-05-22,Whole Wheat,Northside,17,1.74,29.58,0.05,28.1,5
2026-05-23,Whole Wheat,Uptown,24,3.32,79.68,0.2,63.74,5
2026-05-24,Multigrain,Downtown,29,1.74,50.46,0.2,40.37,1
2026-05-25,Baguette,Downtown,8,4.3,34.4,0.05,32.68,3
2026-05-26,Rye,East End,14,2.32,32.48,0.15,27.61,5
2026-05-27,Multigrain,Northside,7,3.39,23.73,0.2,18.98,3
2026-05-28,Multigrain,Uptown,45,4.58,206.1,0.1,185.49,1
2026-05-29,Multigrain,Westside,49,3.78,185.22,0.15,157.44,5
2026-05-30,Baguette,Northside,22,3.37,74.14,0.05,70.43,2
2026-05-31,Rye,Downtown,40,2.64,105.6,0.15,89.76,1
2026-06-01,Sourdough,Downtown,26,2.67,69.42,0.0,69.42,4
2026-06-02,Rye,Uptown,38,3.84,145.92,0.0,145.92,3
2026-06-03,Multigrain,Northside,12,4.98,59.76,0.2,47.81,1
2026-06-04,Sourdough,Westside,44,3.82,168.08,0.2,134.46,1
2026-06-05,Baguette,Downtown,48,3.45,165.6,0.1,149.04,5
2026-06-06,Whole Wheat,Uptown,23,4.06,93.38,0.15,79.37,5
2026-06-07,Whole Wheat,East End,46,3.13,143.98,0.0,143.98,5
2026-06-08,Rye,Downtown,45,1.71,76.95,0.2,61.56,4
2026-06-09,Rye,Downtown,41,3.47,142.27,0.15,120.93,5
2026-06-10,Baguette,Northside,10,4.85,48.5,0.2,38.8,1
2026-06-11,Baguette,Downtown,30,2.11,63.3,0.2,50.64,5
2026-06-12,Baguette,Westside,38,3.92,148.96,0.0,148.96,2
2026-06-13,Rye,Westside,49,2.2,107.8,0.0,107.8,5
2026-06-14,Multigrain,Uptown,10,3.38,33.8,0.2,27.04,4
2026-06-15,Rye,Uptown,41,1.84,75.44,0.05,71.67,2
2026-06-16,Sourdough,Uptown,37,3.08,113.96,0.2,91.17,1
2026-06-17,Baguette,Northside,26,4.15,107.9,0.2,86.32,1
2026-06-18,Rye,Northside,25,2.72,68.0,0.1,61.2,3
2026-06-19,Whole Wheat,Northside,10,3.83,38.3,0.1,34.47,2
2026-06-20,Whole Wheat,Downtown,10,4.28,42.8,0.1,38.52,3
2026-06-21,Baguette,East End,8,4.75,38.0,0.05,36.1,2
2026-06-22,Whole Wheat,Northside,34,2.32,78.88,0.05,74.94,2
2026-06-23,Rye,Northside,15,2.9,43.5,0.2,34.8,4
2026-06-24,Multigrain,Uptown,34,2.03,69.02,0.1,62.12,3
2026-06-25,Sourdough,Uptown,35,4.97,173.95,0.05,165.25,4
2026-06-26,Baguette,Northside,28,4.74,132.72,0.0,132.72,2
2026-06-27,Rye,Northside,13,3.39,44.07,0.2,35.26,1
2026-06-28,Baguette,Westside,7,4.45,31.15,0.15,26.48,2
2026-06-29,Multigrain,East End,35,3.32,116.2,0.2,92.96,4
2026-06-30,Whole Wheat,Westside,44,3.68,161.92,0.15,137.63,3
2026-07-01,Sourdough,Uptown,41,1.81,74.21,0.1,66.79,3
2026-07-02,Baguette,Northside,40,4.14,165.6,0.15,140.76,4
2026-07-03,Multigrain,Uptown,28,1.95,54.6,0.1,49.14,3
2026-07-04,Rye,Uptown,35,4.39,153.65,0.0,153.65,5
2026-07-05,Whole Wheat,Downtown,10,4.24,42.4,0.15,36.04,1
2026-07-06,Baguette,Downtown,6,3.98,23.88,0.2,19.1,1
2026-07-07,Multigrain,Uptown,24,1.63,39.12,0.1,35.21,1
2026-07-08,Baguette,Uptown,32,2.56,81.92,0.2,65.54,3
2026-07-09,Multigrain,Northside,15,2.42,36.3,0.05,34.48,3
2026-07-10,Rye,Downtown,8,2.76,22.08,0.1,19.87,2
2026-07-11,Baguette,Downtown,19,1.81,34.39,0.15,29.23,2
2026-07-12,Baguette,East End,10,4.78,47.8,0.1,43.02,1
2026-07-13,Multigrain,East End,34,3.44,116.96,0.2,93.57,5
2026-07-14,Baguette,Uptown,42,2.57,107.94,0.0,107.94,2
2026-07-15,Whole Wheat,Northside,6,2.89,17.34,0.1,15.61,2
2026-07-16,Baguette,Uptown,19,3.07,58.33,0.15,49.58,3
2026-07-17,Rye,Westside,15,3.6,54.0,0.05,51.3,5
2026-07-18,Sourdough,East End,12,3.3,39.6,0.0,39.6,1
2026-07-19,Sourdough,East End,30,4.72,141.6,0.05,134.52,2
2026-07-20,Sourdough,Uptown,49,3.24,158.76,0.1,142.88,5
2026-07-21,Sourdough,Westside,48,4.97,238.56,0.2,190.85,5
2026-07-22,Baguette,East End,9,4.48,40.32,0.2,32.26,1
2026-07-23,Multigrain,Uptown,10,2.23,22.3,0.15,18.96,5
2026-07-24,Rye,East End,30,4.76,142.8,0.2,114.24,5
2026-07-25,Sourdough,Downtown,8,1.91,15.28,0.0,15.28,5
2026-07-26,Whole Wheat,Westside,23,4.36,100.28,0.2,80.22,2
2026-07-27,Sourdough,Westside,24,2.83,67.92,0.15,57.73,1
2026-07-28,Multigrain,Downtown,37,4.57,169.09,0.1,152.18,5
2026-07-29,Baguette,Uptown,24,4.54,108.96,0.1,98.06,5
2026-07-30,Multigrain,Northside,16,4.32,69.12,0.2,55.3,2
2026-07-31,Sourdough,Downtown,5,4.27,21.35,0.05,20.28,1
2026-08-01,Baguette,Uptown,30,2.57,77.1,0.1,69.39,3
2026-08-02,Rye,Uptown,18,1.78,32.04,0.2,25.63,2
2026-08-03,Whole Wheat,Northside,42,2.91,122.22,0.15,103.89,1
2026-08-04,Multigrain,Uptown,41,2.11,86.51,0.2,69.21,5
2026-08-05,Baguette,East End,15,3.93,58.95,0.1,53.06,1
2026-08-06,Sourdough,Uptown,40,2.71,108.4,0.15,92.14,1
2026-08-07,Multigrain,Westside,17,4.91,83.47,0.2,66.78,1
2026-08-08,Baguette,Downtown,47,3.74,175.78,0.0,175.78,3
2026-08-09,Whole Wheat,Uptown,7,4.38,30.66,0.15,26.06,1
2026-08-10,Rye,East End,37,1.96,72.52,0.0,72.52,3
2026-08-11,Whole Wheat,Downtown,10,4.52,45.2,0.05,42.94,5
2026-08-12,Multigrain,Downtown,14,4.73,66.22,0.15,56.29,3
2026-08-13,Sourdough,Downtown,9,3.2,28.8,0.0,28.8,5
2026-08-14,Multigrain,East End,27,3.62,97.74,0.1,87.97,5
2026-08-15,Whole Wheat,Downtown,14,4.18,58.52,0.1,52.67,3
2026-08-16,Whole Wheat,Northside,48,2.11,101.28,0.05,96.22,2
2026-08-17,Whole Wheat,Downtown,6,3.26,19.56,0.15,16.63,4
2026-08-18,Baguette,Downtown,17,2.9,49.3,0.15,41.9,1
2026-08-19,Rye,Downtown,44,2.01,88.44,0.15,75.17,4
2026-08-20,Whole Wheat,Uptown,6,2.79,16.74,0.05,15.9,1
2026-08-21,Baguette,Westside,24,1.74,41.76,0.15,35.5,1
2026-08-22,Sourdough,Westside,5,1.59,7.95,0.1,7.16,5
2026-08-23,Rye,Downtown,41,1.97,80.77,0.0,80.77,1
2026-08-24,Sourdough,Northside,13,4.87,63.31,0.1,56.98,1
2026-08-25,Whole Wheat,Northside,21,3.42,71.82,0.1,64.64,3
2026-08-26,Whole Wheat,Northside,13,4.88,63.44,0.0,63.44,4
2026-08-27,Baguette,Westside,15,3.01,45.15,0.1,40.64,3
2026-08-28,Whole Wheat,Uptown,19,2.59,49.21,0.05,46.75,1
2026-08-29,Rye,Downtown,28,3.27,91.56,0.0,91.56,5
2026-08-30,Sourdough,Northside,42,3.04,127.68,0.1,114.91,3
2026-08-31,Whole Wheat,East End,39,1.87,72.93,0.2,58.34,3
2026-09-01,Multigrain,Westside,34,3.74,127.16,0.1,114.44,2
2026-09-02,Rye,Downtown,35,2.26,79.1,0.05,75.14,1
2026-09-03,Rye,Westside,9,3.67,33.03,0.15,28.08,5
2026-09-04,Sourdough,Northside,48,3.78,181.44,0.1,163.3,3
2026-09-05,Whole Wheat,Downtown,18,2.03,36.54,0.15,31.06,3
2026-09-06,Rye,Downtown,15,1.71,25.65,0.2,20.52,5
2026-09-07,Sourdough,Uptown,13,4.23,54.99,0.1,49.49,1
2026-09-08,Rye,Northside,38,3.11,118.18,0.0,118.18,2
2026-09-09,Sourdough,Northside,16,1.7,27.2,0.15,23.12,3
2026-09-10,Rye,Downtown,39,4.98,194.22,0.2,155.38,2
2026-09-11,Baguette,Northside,39,1.7,66.3,0.0,66.3,4
2026-09-12,Sourdough,Downtown,5,3.93,19.65,0.0,19.65,1
2026-09-13,Rye,Uptown,44,4.94,217.36,0.0,217.36,4
2026-09-14,Baguette,Westside,26,2.34,60.84,0.0,60.84,4
2026-09-15,Sourdough,Downtown,33,2.0,66.0,0.1,59.4,4
2026-09-16,Rye,Downtown,12,1.92,23.04,0.1,20.74,1
2026-09-17,Multigrain,Downtown,15,2.56,38.4,0.1,34.56,1
2026-09-18,Baguette,Uptown,45,1.85,83.25,0.2,66.6,5
2026-09-19,Rye,Uptown,41,3.92,160.72,0.2,128.58,2
2026-09-20,Sourdough,Downtown,18,1.72,30.96,0.2,24.77,2
2026-09-21,Multigrain,Northside,34,3.28,111.52,0.05,105.94,5
2026-09-22,Whole Wheat,Downtown,39,4.99,194.61,0.2,155.69,5
2026-09-23,Whole Wheat,Downtown,25,4.35,108.75,0.1,97.88,4
2026-09-24,Whole Wheat,Northside,41,3.65,149.65,0.1,134.68,5
2026-09-25,Sourdough,Downtown,9,2.57,23.13,0.05,21.97,3
2026-09-26,Multigrain,East End,23,3.68,84.64,0.05,80.41,2
